image_path,bmi,type,post_id
reddit_images_large\atla3n.jpg,13.81,before,atla3n
reddit_images_large\atla3n.jpg,20.92,after,atla3n
reddit_images_large\a8re1o.jpg,59.98,before,a8re1o
reddit_images_large\a8re1o.jpg,24.54,after,a8re1o
reddit_images_large\le3uci.jpg,27.46,before,le3uci
reddit_images_large\le3uci.jpg,27.46,after,le3uci
reddit_images_large\pk99t1.jpg,23.13,before,pk99t1
reddit_images_large\pk99t1.jpg,24.34,after,pk99t1
reddit_images_large\ci86og.jpg,36.26,before,ci86og
reddit_images_large\ci86og.jpg,24.69,after,ci86og
reddit_images_large\aqnq46.jpg,53.22,before,aqnq46
reddit_images_large\aqnq46.jpg,32.69,after,aqnq46
reddit_images_large\b3fga0.jpg,49.02,before,b3fga0
reddit_images_large\b3fga0.jpg,27.88,after,b3fga0
reddit_images_large\8wbevn.jpg,45.68,before,8wbevn
reddit_images_large\8wbevn.jpg,29.54,after,8wbevn
reddit_images_large\gp6hzh.jpg,58.24,before,gp6hzh
reddit_images_large\gp6hzh.jpg,24.96,after,gp6hzh
reddit_images_large\bb9dqo.jpg,49.02,before,bb9dqo
reddit_images_large\bb9dqo.jpg,27.72,after,bb9dqo
reddit_images_large\9m7e8c.jpg,37.76,before,9m7e8c
reddit_images_large\9m7e8c.jpg,23.0,after,9m7e8c
reddit_images_large\erg6yb.jpg,39.46,before,erg6yb
reddit_images_large\erg6yb.jpg,25.11,after,erg6yb
reddit_images_large\8rkd28.png,42.91,before,8rkd28
reddit_images_large\8rkd28.png,21.46,after,8rkd28
reddit_images_large\ctc2uj.png,14.06,before,ctc2uj
reddit_images_large\ctc2uj.png,16.36,after,ctc2uj
reddit_images_large\8lfcgb.jpg,44.63,before,8lfcgb
reddit_images_large\8lfcgb.jpg,22.31,after,8lfcgb
reddit_images_large\alj1zr.jpg,27.96,before,alj1zr
reddit_images_large\alj1zr.jpg,24.13,after,alj1zr
reddit_images_large\bibe0i.jpg,27.5,before,bibe0i
reddit_images_large\bibe0i.jpg,20.0,after,bibe0i
reddit_images_large\mu1bql.jpg,46.34,before,mu1bql
reddit_images_large\mu1bql.jpg,20.6,after,mu1bql
reddit_images_large\emfg6r.jpg,43.1,before,emfg6r
reddit_images_large\emfg6r.jpg,34.78,after,emfg6r
reddit_images_large\lfibxj.jpg,47.24,before,lfibxj
reddit_images_large\lfibxj.jpg,30.42,after,lfibxj
reddit_images_large\kf2b61.jpg,42.58,before,kf2b61
reddit_images_large\kf2b61.jpg,25.44,after,kf2b61
reddit_images_large\18vj2vp.jpeg,37.79,before,18vj2vp
reddit_images_large\18vj2vp.jpeg,19.84,after,18vj2vp
reddit_images_large\a288fv.jpg,38.27,before,a288fv
reddit_images_large\a288fv.jpg,25.79,after,a288fv
reddit_images_large\loeur6.jpg,37.61,before,loeur6
reddit_images_large\loeur6.jpg,20.8,after,loeur6
reddit_images_large\80f52f.jpg,53.91,before,80f52f
reddit_images_large\80f52f.jpg,31.15,after,80f52f
reddit_images_large\af2em3.jpg,49.92,before,af2em3
reddit_images_large\af2em3.jpg,24.96,after,af2em3
reddit_images_large\neewd2.jpg,48.75,before,neewd2
reddit_images_large\neewd2.jpg,24.72,after,neewd2
reddit_images_large\crd9ny.jpg,54.74,before,crd9ny
reddit_images_large\crd9ny.jpg,30.41,after,crd9ny
reddit_images_large\9fjlb8.jpg,32.87,before,9fjlb8
reddit_images_large\9fjlb8.jpg,21.7,after,9fjlb8
reddit_images_large\hb0eyd.jpg,40.35,before,hb0eyd
reddit_images_large\hb0eyd.jpg,20.18,after,hb0eyd
reddit_images_large\e9pd5f.jpg,34.08,before,e9pd5f
reddit_images_large\e9pd5f.jpg,22.15,after,e9pd5f
reddit_images_large\d11g29.jpg,49.36,before,d11g29
reddit_images_large\d11g29.jpg,35.01,after,d11g29
reddit_images_large\91awa7.jpg,41.75,before,91awa7
reddit_images_large\91awa7.jpg,27.41,after,91awa7
reddit_images_large\pj93pf.jpg,41.63,before,pj93pf
reddit_images_large\pj93pf.jpg,21.26,after,pj93pf
reddit_images_large\by92ba.jpg,38.44,before,by92ba
reddit_images_large\by92ba.jpg,29.09,after,by92ba
reddit_images_large\cnp7l1.jpg,30.34,before,cnp7l1
reddit_images_large\cnp7l1.jpg,20.01,after,cnp7l1
reddit_images_large\9z7zfk.jpg,34.01,before,9z7zfk
reddit_images_large\9z7zfk.jpg,26.45,after,9z7zfk
reddit_images_large\civrsj.jpg,57.64,before,civrsj
reddit_images_large\civrsj.jpg,35.94,after,civrsj
reddit_images_large\8zgmif.png,31.75,before,8zgmif
reddit_images_large\8zgmif.png,20.6,after,8zgmif
reddit_images_large\ahf25s.png,54.91,before,ahf25s
reddit_images_large\ahf25s.png,30.11,after,ahf25s
reddit_images_large\hbzllq.jpg,40.74,before,hbzllq
reddit_images_large\hbzllq.jpg,22.5,after,hbzllq
reddit_images_large\fockaa.jpg,56.92,before,fockaa
reddit_images_large\fockaa.jpg,24.78,after,fockaa
reddit_images_large\tuvl8k.jpg,37.79,before,tuvl8k
reddit_images_large\tuvl8k.jpg,22.67,after,tuvl8k
reddit_images_large\11ei8fo.jpg,57.14,before,11ei8fo
reddit_images_large\11ei8fo.jpg,24.69,after,11ei8fo
reddit_images_large\c2wmy4.jpg,37.38,before,c2wmy4
reddit_images_large\c2wmy4.jpg,25.52,after,c2wmy4
reddit_images_large\rtno1f.jpg,33.28,before,rtno1f
reddit_images_large\rtno1f.jpg,22.96,after,rtno1f
reddit_images_large\8ucold.png,28.08,before,8ucold
reddit_images_large\8ucold.png,20.01,after,8ucold
reddit_images_large\cy4ccx.jpg,42.29,before,cy4ccx
reddit_images_large\cy4ccx.jpg,25.06,after,cy4ccx
reddit_images_large\awnpud.jpg,52.94,before,awnpud
reddit_images_large\awnpud.jpg,33.05,after,awnpud
reddit_images_large\9j5s89.jpg,52.58,before,9j5s89
reddit_images_large\9j5s89.jpg,25.79,after,9j5s89
reddit_images_large\k1hz8b.jpg,46.52,before,k1hz8b
reddit_images_large\k1hz8b.jpg,27.32,after,k1hz8b
reddit_images_large\d61o2i.png,31.18,before,d61o2i
reddit_images_large\d61o2i.png,23.62,after,d61o2i
reddit_images_large\9xg4ti.jpg,59.27,before,9xg4ti
reddit_images_large\9xg4ti.jpg,40.45,after,9xg4ti
reddit_images_large\938jfg.jpg,54.25,before,938jfg
reddit_images_large\938jfg.jpg,27.12,after,938jfg
reddit_images_large\a9eqkg.jpg,31.12,before,a9eqkg
reddit_images_large\a9eqkg.jpg,22.96,after,a9eqkg
reddit_images_large\8w5oyj.jpg,45.76,before,8w5oyj
reddit_images_large\8w5oyj.jpg,29.12,after,8w5oyj
reddit_images_large\e9b0xn.jpg,31.09,before,e9b0xn
reddit_images_large\e9b0xn.jpg,22.68,after,e9b0xn
reddit_images_large\8s97da.jpg,39.06,before,8s97da
reddit_images_large\8s97da.jpg,24.53,after,8s97da
reddit_images_large\9nlm7c.png,45.91,before,9nlm7c
reddit_images_large\9nlm7c.png,28.55,after,9nlm7c
reddit_images_large\9v4y48.jpg,22.5,before,9v4y48
reddit_images_large\9v4y48.jpg,22.81,after,9v4y48
reddit_images_large\d2q15h.jpg,41.5,before,d2q15h
reddit_images_large\d2q15h.jpg,25.84,after,d2q15h
reddit_images_large\cjws5x.jpg,38.39,before,cjws5x
reddit_images_large\cjws5x.jpg,22.15,after,cjws5x
reddit_images_large\vio21i.jpg,40.14,before,vio21i
reddit_images_large\vio21i.jpg,21.74,after,vio21i
reddit_images_large\aqdv0n.jpg,38.41,before,aqdv0n
reddit_images_large\aqdv0n.jpg,26.79,after,aqdv0n
reddit_images_large\a53c4r.jpg,46.05,before,a53c4r
reddit_images_large\a53c4r.jpg,23.81,after,a53c4r
reddit_images_large\lnm02r.png,13.81,before,lnm02r
reddit_images_large\lnm02r.png,23.3,after,lnm02r
reddit_images_large\ctkvd4.jpg,35.51,before,ctkvd4
reddit_images_large\ctkvd4.jpg,25.82,after,ctkvd4
reddit_images_large\1g0ll8l.jpeg,41.63,before,1g0ll8l
reddit_images_large\1g0ll8l.jpeg,26.57,after,1g0ll8l
reddit_images_large\aox607.jpg,49.42,before,aox607
reddit_images_large\aox607.jpg,28.89,after,aox607
reddit_images_large\hfae77.jpg,40.17,before,hfae77
reddit_images_large\hfae77.jpg,27.63,after,hfae77
reddit_images_large\hfk6ux.jpg,45.33,before,hfk6ux
reddit_images_large\hfk6ux.jpg,39.75,after,hfk6ux
reddit_images_large\1bshs74.png,44.63,before,1bshs74
reddit_images_large\1bshs74.png,27.2,after,1bshs74
reddit_images_large\mim25j.jpg,34.21,before,mim25j
reddit_images_large\mim25j.jpg,23.57,after,mim25j
reddit_images_large\9g9hag.jpg,50.84,before,9g9hag
reddit_images_large\9g9hag.jpg,29.86,after,9g9hag
reddit_images_large\9p48x2.jpg,57.59,before,9p48x2
reddit_images_large\9p48x2.jpg,28.65,after,9p48x2
reddit_images_large\czr8op.jpg,42.51,before,czr8op
reddit_images_large\czr8op.jpg,26.04,after,czr8op
reddit_images_large\7g96xq.png,47.9,before,7g96xq
reddit_images_large\7g96xq.png,37.25,after,7g96xq
reddit_images_large\x7enbv.png,24.9,before,x7enbv
reddit_images_large\x7enbv.png,21.14,after,x7enbv
reddit_images_large\100czn7.jpg,37.79,before,100czn7
reddit_images_large\100czn7.jpg,22.67,after,100czn7
reddit_images_large\kcfpag.jpg,23.89,before,kcfpag
reddit_images_large\kcfpag.jpg,19.69,after,kcfpag
reddit_images_large\9l21pi.jpg,37.38,before,9l21pi
reddit_images_large\9l21pi.jpg,28.34,after,9l21pi
reddit_images_large\ald4io.jpg,49.25,before,ald4io
reddit_images_large\ald4io.jpg,29.0,after,ald4io
reddit_images_large\cfqtlt.jpg,37.28,before,cfqtlt
reddit_images_large\cfqtlt.jpg,22.6,after,cfqtlt
reddit_images_large\cmzrm0.jpg,37.28,before,cmzrm0
reddit_images_large\cmzrm0.jpg,22.76,after,cmzrm0
reddit_images_large\8znkgr.jpg,40.74,before,8znkgr
reddit_images_large\8znkgr.jpg,26.04,after,8znkgr
reddit_images_large\b44bhq.jpg,28.06,before,b44bhq
reddit_images_large\b44bhq.jpg,23.63,after,b44bhq
reddit_images_large\1l7d9yd.jpeg,46.23,before,1l7d9yd
reddit_images_large\1l7d9yd.jpeg,25.15,after,1l7d9yd
reddit_images_large\gt7jd1.jpg,40.32,before,gt7jd1
reddit_images_large\gt7jd1.jpg,23.72,after,gt7jd1
reddit_images_large\7de0bl.png,52.18,before,7de0bl
reddit_images_large\7de0bl.png,35.02,after,7de0bl
reddit_images_large\7hiqvh.jpg,48.06,before,7hiqvh
reddit_images_large\7hiqvh.jpg,22.31,after,7hiqvh
reddit_images_large\8iieu8.jpg,56.87,before,8iieu8
reddit_images_large\8iieu8.jpg,44.37,after,8iieu8
reddit_images_large\ohj400.jpg,28.97,before,ohj400
reddit_images_large\ohj400.jpg,22.08,after,ohj400
reddit_images_large\mmu4pw.jpg,41.61,before,mmu4pw
reddit_images_large\mmu4pw.jpg,24.39,after,mmu4pw
reddit_images_large\br5ah6.jpg,34.29,before,br5ah6
reddit_images_large\br5ah6.jpg,22.53,after,br5ah6
reddit_images_large\c8r3y6.jpg,14.31,before,c8r3y6
reddit_images_large\c8r3y6.jpg,21.65,after,c8r3y6
reddit_images_large\10pjd9x.png,15.07,before,10pjd9x
reddit_images_large\10pjd9x.png,20.81,after,10pjd9x
reddit_images_large\udvgi5.jpg,38.74,before,udvgi5
reddit_images_large\udvgi5.jpg,25.02,after,udvgi5
reddit_images_large\bi3vt6.jpg,32.61,before,bi3vt6
reddit_images_large\bi3vt6.jpg,24.03,after,bi3vt6
reddit_images_large\fqxmqs.jpg,59.37,before,fqxmqs
reddit_images_large\fqxmqs.jpg,46.87,after,fqxmqs
reddit_images_large\f1shpu.jpg,31.47,before,f1shpu
reddit_images_large\f1shpu.jpg,24.48,after,f1shpu
reddit_images_large\9fuptq.jpg,41.51,before,9fuptq
reddit_images_large\9fuptq.jpg,32.39,after,9fuptq
reddit_images_large\hx704i.png,21.46,before,hx704i
reddit_images_large\hx704i.png,18.88,after,hx704i
reddit_images_large\a07sjh.jpg,35.44,before,a07sjh
reddit_images_large\a07sjh.jpg,22.15,after,a07sjh
reddit_images_large\ei2tum.png,30.29,before,ei2tum
reddit_images_large\ei2tum.png,21.3,after,ei2tum
reddit_images_large\se6061.jpg,32.28,before,se6061
reddit_images_large\se6061.jpg,22.6,after,se6061
reddit_images_large\etb5tx.jpg,46.82,before,etb5tx
reddit_images_large\etb5tx.jpg,23.23,after,etb5tx
reddit_images_large\98as8w.jpg,36.58,before,98as8w
reddit_images_large\98as8w.jpg,25.06,after,98as8w
reddit_images_large\ovzisb.jpg,16.99,before,ovzisb
reddit_images_large\ovzisb.jpg,21.46,after,ovzisb
reddit_images_large\8z2w4o.jpg,31.89,before,8z2w4o
reddit_images_large\8z2w4o.jpg,22.14,after,8z2w4o
reddit_images_large\lzck7y.jpg,41.63,before,lzck7y
reddit_images_large\lzck7y.jpg,29.23,after,lzck7y
reddit_images_large\oixvrk.png,45.91,before,oixvrk
reddit_images_large\oixvrk.png,34.02,after,oixvrk
reddit_images_large\am2n15.jpg,37.28,before,am2n15
reddit_images_large\am2n15.jpg,23.81,after,am2n15
reddit_images_large\t714gc.jpg,46.64,before,t714gc
reddit_images_large\t714gc.jpg,24.69,after,t714gc
reddit_images_large\ap9ix1.jpg,42.88,before,ap9ix1
reddit_images_large\ap9ix1.jpg,27.67,after,ap9ix1
reddit_images_large\c51cho.png,39.48,before,c51cho
reddit_images_large\c51cho.png,21.63,after,c51cho
reddit_images_large\xfoga4.jpg,48.26,before,xfoga4
reddit_images_large\xfoga4.jpg,23.3,after,xfoga4
reddit_images_large\8fum1u.jpg,34.01,before,8fum1u
reddit_images_large\8fum1u.jpg,28.34,after,8fum1u
reddit_images_large\aznack.jpg,39.94,before,aznack
reddit_images_large\aznack.jpg,23.49,after,aznack
reddit_images_large\bk1ofm.jpg,52.35,before,bk1ofm
reddit_images_large\bk1ofm.jpg,32.44,after,bk1ofm
reddit_images_large\bqwub7.jpg,35.61,before,bqwub7
reddit_images_large\bqwub7.jpg,24.13,after,bqwub7
reddit_images_large\c23lqr.jpg,29.09,before,c23lqr
reddit_images_large\c23lqr.jpg,41.64,after,c23lqr
reddit_images_large\pcufts.jpg,57.5,before,pcufts
reddit_images_large\pcufts.jpg,28.12,after,pcufts
reddit_images_large\i3uen9.jpg,40.77,before,i3uen9
reddit_images_large\i3uen9.jpg,24.79,after,i3uen9
reddit_images_large\8devhh.jpg,40.17,before,8devhh
reddit_images_large\8devhh.jpg,26.78,after,8devhh
reddit_images_large\hbpuce.jpg,49.09,before,hbpuce
reddit_images_large\hbpuce.jpg,31.94,after,hbpuce
reddit_images_large\g8ntfr.jpg,12.14,before,g8ntfr
reddit_images_large\g8ntfr.jpg,15.44,after,g8ntfr
reddit_images_large\egjdow.jpg,47.05,before,egjdow
reddit_images_large\egjdow.jpg,28.15,after,egjdow
reddit_images_large\f4bx1n.png,50.64,before,f4bx1n
reddit_images_large\f4bx1n.png,32.27,after,f4bx1n
reddit_images_large\f9svbe.jpg,40.74,before,f9svbe
reddit_images_large\f9svbe.jpg,23.03,after,f9svbe
reddit_images_large\cqujtt.jpg,31.75,before,cqujtt
reddit_images_large\cqujtt.jpg,22.31,after,cqujtt
reddit_images_large\lp1rsn.jpg,46.52,before,lp1rsn
reddit_images_large\lp1rsn.jpg,20.43,after,lp1rsn
reddit_images_large\7rafcc.jpg,49.42,before,7rafcc
reddit_images_large\7rafcc.jpg,39.23,after,7rafcc
reddit_images_large\993oau.jpg,32.84,before,993oau
reddit_images_large\993oau.jpg,23.72,after,993oau
reddit_images_large\8hsmrm.jpg,34.46,before,8hsmrm
reddit_images_large\8hsmrm.jpg,23.81,after,8hsmrm
reddit_images_large\eltd8k.jpg,46.82,before,eltd8k
reddit_images_large\eltd8k.jpg,23.41,after,eltd8k
reddit_images_large\nk3onq.jpg,32.49,before,nk3onq
reddit_images_large\nk3onq.jpg,25.1,after,nk3onq
reddit_images_large\l3uzmp.png,34.86,before,l3uzmp
reddit_images_large\l3uzmp.png,21.95,after,l3uzmp
reddit_images_large\lm4qvq.jpg,25.02,before,lm4qvq
reddit_images_large\lm4qvq.jpg,20.98,after,lm4qvq
reddit_images_large\a82n6k.jpg,55.36,before,a82n6k
reddit_images_large\a82n6k.jpg,28.53,after,a82n6k
reddit_images_large\jmw969.jpg,34.06,before,jmw969
reddit_images_large\jmw969.jpg,22.43,after,jmw969
reddit_images_large\lyct9d.jpg,53.22,before,lyct9d
reddit_images_large\lyct9d.jpg,30.11,after,lyct9d
reddit_images_large\kgkp99.jpg,33.05,before,kgkp99
reddit_images_large\kgkp99.jpg,20.8,after,kgkp99
reddit_images_large\l04jb4.jpg,44.86,before,l04jb4
reddit_images_large\l04jb4.jpg,22.96,after,l04jb4
reddit_images_large\cav0s9.jpg,47.85,before,cav0s9
reddit_images_large\cav0s9.jpg,25.97,after,cav0s9
reddit_images_large\k5733l.jpg,40.29,before,k5733l
reddit_images_large\k5733l.jpg,32.69,after,k5733l
reddit_images_large\hdp9jf.jpg,40.25,before,hdp9jf
reddit_images_large\hdp9jf.jpg,19.58,after,hdp9jf
reddit_images_large\dmfqmq.jpg,43.36,before,dmfqmq
reddit_images_large\dmfqmq.jpg,31.25,after,dmfqmq
reddit_images_large\b66a3u.jpg,40.24,before,b66a3u
reddit_images_large\b66a3u.jpg,26.15,after,b66a3u
reddit_images_large\1ec06dl.jpeg,43.58,before,1ec06dl
reddit_images_large\1ec06dl.jpeg,23.56,after,1ec06dl
reddit_images_large\fuwy87.jpg,29.91,before,fuwy87
reddit_images_large\fuwy87.jpg,23.81,after,fuwy87
reddit_images_large\mo4jyu.jpg,45.0,before,mo4jyu
reddit_images_large\mo4jyu.jpg,25.0,after,mo4jyu
reddit_images_large\c1no60.jpg,27.98,before,c1no60
reddit_images_large\c1no60.jpg,22.96,after,c1no60
reddit_images_large\8yo45b.jpg,52.35,before,8yo45b
reddit_images_large\8yo45b.jpg,34.33,after,8yo45b
reddit_images_large\itayvc.jpg,17.85,before,itayvc
reddit_images_large\itayvc.jpg,22.08,after,itayvc
reddit_images_large\lhjbkv.jpg,40.41,before,lhjbkv
reddit_images_large\lhjbkv.jpg,29.94,after,lhjbkv
reddit_images_large\drqun3.jpg,33.86,before,drqun3
reddit_images_large\drqun3.jpg,22.81,after,drqun3
reddit_images_large\awh82u.jpg,28.06,before,awh82u
reddit_images_large\awh82u.jpg,26.58,after,awh82u
reddit_images_large\8yvug5.jpg,55.85,before,8yvug5
reddit_images_large\8yvug5.jpg,26.31,after,8yvug5
reddit_images_large\b27kdg.jpg,31.02,before,b27kdg
reddit_images_large\b27kdg.jpg,19.61,after,b27kdg
reddit_images_large\m9axmi.jpg,43.47,before,m9axmi
reddit_images_large\m9axmi.jpg,25.08,after,m9axmi
reddit_images_large\opk3of.jpg,31.93,before,opk3of
reddit_images_large\opk3of.jpg,19.05,after,opk3of
reddit_images_large\8or0ng.png,39.68,before,8or0ng
reddit_images_large\8or0ng.png,31.78,after,8or0ng
reddit_images_large\7qy45u.jpg,40.18,before,7qy45u
reddit_images_large\7qy45u.jpg,26.26,after,7qy45u
reddit_images_large\c9m0zt.jpg,31.0,before,c9m0zt
reddit_images_large\c9m0zt.jpg,26.04,after,c9m0zt
reddit_images_large\abcrg5.jpg,35.35,before,abcrg5
reddit_images_large\abcrg5.jpg,23.63,after,abcrg5
reddit_images_large\bx3t2n.jpg,44.6,before,bx3t2n
reddit_images_large\bx3t2n.jpg,32.58,after,bx3t2n
reddit_images_large\8jz0vm.jpg,41.25,before,8jz0vm
reddit_images_large\8jz0vm.jpg,26.25,after,8jz0vm
reddit_images_large\147w6ui.jpg,39.94,before,147w6ui
reddit_images_large\147w6ui.jpg,23.49,after,147w6ui
reddit_images_large\hpg878.jpg,39.87,before,hpg878
reddit_images_large\hpg878.jpg,21.86,after,hpg878
reddit_images_large\y7b7l2.jpg,31.79,before,y7b7l2
reddit_images_large\y7b7l2.jpg,22.08,after,y7b7l2
reddit_images_large\1246k4v.png,36.73,before,1246k4v
reddit_images_large\1246k4v.png,23.52,after,1246k4v
reddit_images_large\8us9yq.jpg,34.04,before,8us9yq
reddit_images_large\8us9yq.jpg,20.85,after,8us9yq
reddit_images_large\jpzvcd.png,20.67,before,jpzvcd
reddit_images_large\jpzvcd.png,20.67,after,jpzvcd
reddit_images_large\7i8mu1.png,28.32,before,7i8mu1
reddit_images_large\7i8mu1.png,21.46,after,7i8mu1
reddit_images_large\f21vyd.jpg,48.15,before,f21vyd
reddit_images_large\f21vyd.jpg,31.46,after,f21vyd
reddit_images_large\8ll5tb.jpg,48.82,before,8ll5tb
reddit_images_large\8ll5tb.jpg,25.77,after,8ll5tb
reddit_images_large\cbpk14.jpg,43.47,before,cbpk14
reddit_images_large\cbpk14.jpg,24.24,after,cbpk14
reddit_images_large\ap3wec.jpg,41.64,before,ap3wec
reddit_images_large\ap3wec.jpg,33.23,after,ap3wec
reddit_images_large\9h07v3.jpg,26.04,before,9h07v3
reddit_images_large\9h07v3.jpg,22.32,after,9h07v3
reddit_images_large\ary59w.jpg,34.21,before,ary59w
reddit_images_large\ary59w.jpg,26.61,after,ary59w
reddit_images_large\au19e7.jpg,31.93,before,au19e7
reddit_images_large\au19e7.jpg,20.25,after,au19e7
reddit_images_large\rzznk6.jpg,41.61,before,rzznk6
reddit_images_large\rzznk6.jpg,23.67,after,rzznk6
reddit_images_large\1g6lp5m.jpeg,43.12,before,1g6lp5m
reddit_images_large\1g6lp5m.jpeg,25.84,after,1g6lp5m
reddit_images_large\j7yc1e.jpg,56.21,before,j7yc1e
reddit_images_large\j7yc1e.jpg,28.31,after,j7yc1e
reddit_images_large\c98x9f.jpg,25.96,before,c98x9f
reddit_images_large\c98x9f.jpg,23.3,after,c98x9f
reddit_images_large\vgyw7p.jpg,39.28,before,vgyw7p
reddit_images_large\vgyw7p.jpg,20.67,after,vgyw7p
reddit_images_large\j6hx6l.jpg,34.33,before,j6hx6l
reddit_images_large\j6hx6l.jpg,24.03,after,j6hx6l
reddit_images_large\hqlthq.png,50.64,before,hqlthq
reddit_images_large\hqlthq.png,30.04,after,hqlthq
reddit_images_large\a2d3ra.jpg,43.65,before,a2d3ra
reddit_images_large\a2d3ra.jpg,23.24,after,a2d3ra
reddit_images_large\gqhk9n.jpg,43.27,before,gqhk9n
reddit_images_large\gqhk9n.jpg,24.79,after,gqhk9n
reddit_images_large\kvpw2f.jpg,57.01,before,kvpw2f
reddit_images_large\kvpw2f.jpg,29.27,after,kvpw2f
reddit_images_large\yuykqo.png,32.61,before,yuykqo
reddit_images_large\yuykqo.png,21.46,after,yuykqo
reddit_images_large\apy24s.png,34.46,before,apy24s
reddit_images_large\apy24s.png,21.61,after,apy24s
reddit_images_large\bugz6a.jpg,29.58,before,bugz6a
reddit_images_large\bugz6a.jpg,23.03,after,bugz6a
reddit_images_large\kw3liq.jpg,55.98,before,kw3liq
reddit_images_large\kw3liq.jpg,35.07,after,kw3liq
reddit_images_large\84zzot.jpg,31.75,before,84zzot
reddit_images_large\84zzot.jpg,22.66,after,84zzot
reddit_images_large\q7cxk5.jpg,48.75,before,q7cxk5
reddit_images_large\q7cxk5.jpg,21.8,after,q7cxk5
reddit_images_large\lxsf01.jpg,35.78,before,lxsf01
reddit_images_large\lxsf01.jpg,23.3,after,lxsf01
reddit_images_large\mtl4z5.jpg,38.59,before,mtl4z5
reddit_images_large\mtl4z5.jpg,26.15,after,mtl4z5
reddit_images_large\b6p2t8.jpg,43.01,before,b6p2t8
reddit_images_large\b6p2t8.jpg,20.58,after,b6p2t8
reddit_images_large\dm13c8.jpg,41.64,before,dm13c8
reddit_images_large\dm13c8.jpg,27.32,after,dm13c8
reddit_images_large\jxptxk.jpg,27.1,before,jxptxk
reddit_images_large\jxptxk.jpg,20.67,after,jxptxk
reddit_images_large\8297v0.jpg,44.43,before,8297v0
reddit_images_large\8297v0.jpg,28.48,after,8297v0
reddit_images_large\9126zs.jpg,48.28,before,9126zs
reddit_images_large\9126zs.jpg,26.32,after,9126zs
reddit_images_large\6gcbj6.jpg,56.49,before,6gcbj6
reddit_images_large\6gcbj6.jpg,27.86,after,6gcbj6
reddit_images_large\g1pnni.jpg,34.48,before,g1pnni
reddit_images_large\g1pnni.jpg,26.37,after,g1pnni
reddit_images_large\p7gvb5.jpg,14.19,before,p7gvb5
reddit_images_large\p7gvb5.jpg,22.15,after,p7gvb5
reddit_images_large\8ixder.jpg,33.36,before,8ixder
reddit_images_large\8ixder.jpg,21.77,after,8ixder
reddit_images_large\k6oj2o.jpg,29.18,before,k6oj2o
reddit_images_large\k6oj2o.jpg,21.8,after,k6oj2o
reddit_images_large\a0us47.jpg,36.26,before,a0us47
reddit_images_large\a0us47.jpg,27.89,after,a0us47
reddit_images_large\c36kgj.jpg,59.57,before,c36kgj
reddit_images_large\c36kgj.jpg,25.39,after,c36kgj
reddit_images_large\c659h2.jpg,39.13,before,c659h2
reddit_images_large\c659h2.jpg,24.96,after,c659h2
reddit_images_large\8d6hbi.jpg,34.7,before,8d6hbi
reddit_images_large\8d6hbi.jpg,25.84,after,8d6hbi
reddit_images_large\lmw3a7.jpg,52.26,before,lmw3a7
reddit_images_large\lmw3a7.jpg,36.31,after,lmw3a7
reddit_images_large\babyrn.jpg,43.07,before,babyrn
reddit_images_large\babyrn.jpg,27.41,after,babyrn
reddit_images_large\dqfsm3.jpg,23.91,before,dqfsm3
reddit_images_large\dqfsm3.jpg,19.49,after,dqfsm3
reddit_images_large\ehaz3x.jpg,56.58,before,ehaz3x
reddit_images_large\ehaz3x.jpg,19.14,after,ehaz3x
reddit_images_large\g33frh.jpg,29.58,before,g33frh
reddit_images_large\g33frh.jpg,20.55,after,g33frh
reddit_images_large\ng4f3h.jpg,28.97,before,ng4f3h
reddit_images_large\ng4f3h.jpg,22.24,after,ng4f3h
reddit_images_large\8hy5m2.png,40.74,before,8hy5m2
reddit_images_large\8hy5m2.png,28.34,after,8hy5m2
reddit_images_large\8gg2y3.jpg,26.26,before,8gg2y3
reddit_images_large\8gg2y3.jpg,19.79,after,8gg2y3
reddit_images_large\b8r0ps.png,54.82,before,b8r0ps
reddit_images_large\b8r0ps.png,31.79,after,b8r0ps
reddit_images_large\ije3sf.jpg,37.25,before,ije3sf
reddit_images_large\ije3sf.jpg,28.28,after,ije3sf
reddit_images_large\ta9h6a.jpg,39.84,before,ta9h6a
reddit_images_large\ta9h6a.jpg,24.48,after,ta9h6a
reddit_images_large\7nfhws.jpg,35.94,before,7nfhws
reddit_images_large\7nfhws.jpg,24.3,after,7nfhws
reddit_images_large\9cvug0.jpg,35.87,before,9cvug0
reddit_images_large\9cvug0.jpg,23.69,after,9cvug0
reddit_images_large\ahm67u.jpg,31.02,before,ahm67u
reddit_images_large\ahm67u.jpg,21.65,after,ahm67u
reddit_images_large\l0l900.jpg,51.54,before,l0l900
reddit_images_large\l0l900.jpg,28.65,after,l0l900
reddit_images_large\8lafu6.jpg,36.9,before,8lafu6
reddit_images_large\8lafu6.jpg,21.97,after,8lafu6
reddit_images_large\h8kln0.jpg,35.87,before,h8kln0
reddit_images_large\h8kln0.jpg,27.12,after,h8kln0
reddit_images_large\1hv5eov.jpeg,31.75,before,1hv5eov
reddit_images_large\1hv5eov.jpeg,22.31,after,1hv5eov
reddit_images_large\kirfbo.jpg,48.75,before,kirfbo
reddit_images_large\kirfbo.jpg,29.35,after,kirfbo
reddit_images_large\ae5n1i.jpg,38.97,before,ae5n1i
reddit_images_large\ae5n1i.jpg,27.46,after,ae5n1i
reddit_images_large\8gvaru.jpg,25.1,before,8gvaru
reddit_images_large\8gvaru.jpg,23.01,after,8gvaru
reddit_images_large\g7ik48.jpg,31.18,before,g7ik48
reddit_images_large\g7ik48.jpg,20.18,after,g7ik48
reddit_images_large\es3pm4.jpg,52.35,before,es3pm4
reddit_images_large\es3pm4.jpg,33.99,after,es3pm4
reddit_images_large\reqdlm.jpg,32.28,before,reqdlm
reddit_images_large\reqdlm.jpg,20.98,after,reqdlm
reddit_images_large\l2cmvn.jpg,35.78,before,l2cmvn
reddit_images_large\l2cmvn.jpg,25.79,after,l2cmvn
reddit_images_large\8micnn.jpg,37.59,before,8micnn
reddit_images_large\8micnn.jpg,29.44,after,8micnn
reddit_images_large\fkn80h.jpg,29.19,before,fkn80h
reddit_images_large\fkn80h.jpg,24.63,after,fkn80h
reddit_images_large\ark8jo.jpg,38.97,before,ark8jo
reddit_images_large\ark8jo.jpg,26.39,after,ark8jo
reddit_images_large\1lhqmyu.jpeg,29.76,before,1lhqmyu
reddit_images_large\1lhqmyu.jpeg,26.22,after,1lhqmyu
reddit_images_large\1lhz3vj.jpeg,34.54,before,1lhz3vj
reddit_images_large\1lhz3vj.jpeg,28.34,after,1lhz3vj
reddit_images_large\1lhli1a.png,42.57,before,1lhli1a
reddit_images_large\1lhli1a.png,21.11,after,1lhli1a
reddit_images_large\1lhs8sc.jpeg,28.04,before,1lhs8sc
reddit_images_large\1lhs8sc.jpeg,23.18,after,1lhs8sc
reddit_images_large\1lhz3o1.jpeg,37.36,before,1lhz3o1
reddit_images_large\1lhz3o1.jpeg,27.02,after,1lhz3o1
reddit_images_large\1lhziad.jpeg,46.86,before,1lhziad
reddit_images_large\1lhziad.jpeg,29.7,after,1lhziad
reddit_images_large\1lhqmxb.jpeg,35.3,before,1lhqmxb
reddit_images_large\1lhqmxb.jpeg,26.29,after,1lhqmxb
reddit_images_large\1lh7zov.jpeg,39.31,before,1lh7zov
reddit_images_large\1lh7zov.jpeg,26.26,after,1lh7zov
reddit_images_large\1lhtv34.png,31.19,before,1lhtv34
reddit_images_large\1lhtv34.png,28.48,after,1lhtv34
reddit_images_large\1li2c49.jpeg,34.45,before,1li2c49
reddit_images_large\1li2c49.jpeg,28.24,after,1li2c49
reddit_images_large\1lh9qno.jpeg,36.65,before,1lh9qno
reddit_images_large\1lh9qno.jpeg,27.63,after,1lh9qno
reddit_images_large\1lh7zyb.jpeg,27.91,before,1lh7zyb
reddit_images_large\1lh7zyb.jpeg,26.29,after,1lh7zyb
reddit_images_large\1lgw6a5.jpeg,46.25,before,1lgw6a5
reddit_images_large\1lgw6a5.jpeg,33.75,after,1lgw6a5
reddit_images_large\1lhdiqg.jpeg,16.25,before,1lhdiqg
reddit_images_large\1lhdiqg.jpeg,26.25,after,1lhdiqg
reddit_images_large\1lgvde1.jpeg,41.09,before,1lgvde1
reddit_images_large\1lgvde1.jpeg,26.85,after,1lgvde1
reddit_images_large\1lgo0gq.jpeg,33.62,before,1lgo0gq
reddit_images_large\1lgo0gq.jpeg,25.71,after,1lgo0gq
reddit_images_large\1lgvlm3.jpeg,24.41,before,1lgvlm3
reddit_images_large\1lgvlm3.jpeg,23.73,after,1lgvlm3
reddit_images_large\1lgygnp.jpeg,37.43,before,1lgygnp
reddit_images_large\1lgygnp.jpeg,30.65,after,1lgygnp
reddit_images_large\1lgller.jpeg,35.62,before,1lgller
reddit_images_large\1lgller.jpeg,25.07,after,1lgller
reddit_images_large\1lgppuu.jpeg,33.39,before,1lgppuu
reddit_images_large\1lgppuu.jpeg,28.16,after,1lgppuu
reddit_images_large\1lgxhed.jpeg,37.31,before,1lgxhed
reddit_images_large\1lgxhed.jpeg,27.26,after,1lgxhed
reddit_images_large\1lgndds.jpeg,38.35,before,1lgndds
reddit_images_large\1lgndds.jpeg,24.41,after,1lgndds
reddit_images_large\1lgp7jv.jpeg,29.41,before,1lgp7jv
reddit_images_large\1lgp7jv.jpeg,22.38,after,1lgp7jv
reddit_images_large\1lfym7n.png,42.97,before,1lfym7n
reddit_images_large\1lfym7n.png,23.05,after,1lfym7n
reddit_images_large\1lg3bo6.jpeg,29.76,before,1lg3bo6
reddit_images_large\1lg3bo6.jpeg,26.22,after,1lg3bo6
reddit_images_large\1lgjyf7.jpeg,24.02,before,1lgjyf7
reddit_images_large\1lgjyf7.jpeg,20.83,after,1lgjyf7
reddit_images_large\1lgad1h.jpeg,37.8,before,1lgad1h
reddit_images_large\1lgad1h.jpeg,24.66,after,1lgad1h
reddit_images_large\1lgg4ry.jpeg,23.13,before,1lgg4ry
reddit_images_large\1lgg4ry.jpeg,26.33,after,1lgg4ry
reddit_images_large\1lfyqvs.jpeg,28.7,before,1lfyqvs
reddit_images_large\1lfyqvs.jpeg,21.24,after,1lfyqvs
reddit_images_large\1lg7gsr.png,23.96,before,1lg7gsr
reddit_images_large\1lg7gsr.png,22.67,after,1lg7gsr
reddit_images_large\1lfgyvn.jpeg,25.96,before,1lfgyvn
reddit_images_large\1lfgyvn.jpeg,22.96,after,1lfgyvn
reddit_images_large\1lfryda.jpeg,46.52,before,1lfryda
reddit_images_large\1lfryda.jpeg,26.94,after,1lfryda
reddit_images_large\1lf4oyb.jpeg,37.12,before,1lf4oyb
reddit_images_large\1lf4oyb.jpeg,25.82,after,1lf4oyb
reddit_images_large\1lfpbyi.jpeg,42.09,before,1lfpbyi
reddit_images_large\1lfpbyi.jpeg,25.84,after,1lfpbyi
reddit_images_large\1lfesl6.png,29.57,before,1lfesl6
reddit_images_large\1lfesl6.png,21.76,after,1lfesl6
reddit_images_large\1lf35qy.jpeg,31.44,before,1lf35qy
reddit_images_large\1lf35qy.jpeg,25.52,after,1lf35qy
reddit_images_large\1lfm2pz.jpeg,27.65,before,1lfm2pz
reddit_images_large\1lfm2pz.jpeg,18.87,after,1lfm2pz
reddit_images_large\1lesclh.jpeg,32.28,before,1lesclh
reddit_images_large\1lesclh.jpeg,25.82,after,1lesclh
reddit_images_large\1lexw1g.jpeg,51.33,before,1lexw1g
reddit_images_large\1lexw1g.jpeg,35.19,after,1lexw1g
reddit_images_large\1lffebm.jpeg,24.39,before,1lffebm
reddit_images_large\1lffebm.jpeg,23.05,after,1lffebm
reddit_images_large\1lf8k7v.jpeg,24.45,before,1lf8k7v
reddit_images_large\1lf8k7v.jpeg,22.04,after,1lf8k7v
reddit_images_large\1leq36i.jpeg,34.01,before,1leq36i
reddit_images_large\1leq36i.jpeg,32.5,after,1leq36i
reddit_images_large\1lewkw5.jpeg,18.47,before,1lewkw5
reddit_images_large\1lewkw5.jpeg,25.73,after,1lewkw5
reddit_images_large\1lejc6w.jpeg,34.21,before,1lejc6w
reddit_images_large\1lejc6w.jpeg,29.65,after,1lejc6w
reddit_images_large\1lewdrx.jpeg,31.67,before,1lewdrx
reddit_images_large\1lewdrx.jpeg,23.98,after,1lewdrx
reddit_images_large\1lekvii.jpeg,34.46,before,1lekvii
reddit_images_large\1lekvii.jpeg,31.64,after,1lekvii
reddit_images_large\1le4g6n.png,19.37,before,1le4g6n
reddit_images_large\1le4g6n.png,19.21,after,1le4g6n
reddit_images_large\1le5jqj.png,31.38,before,1le5jqj
reddit_images_large\1le5jqj.png,27.05,after,1le5jqj
reddit_images_large\1ldtmiu.jpeg,23.3,before,1ldtmiu
reddit_images_large\1ldtmiu.jpeg,20.8,after,1ldtmiu
reddit_images_large\1ldxssv.jpeg,26.57,before,1ldxssv
reddit_images_large\1ldxssv.jpeg,22.14,after,1ldxssv
reddit_images_large\1ldvem3.jpeg,31.9,before,1ldvem3
reddit_images_large\1ldvem3.jpeg,27.91,after,1ldvem3
reddit_images_large\1ldopfh.jpeg,33.29,before,1ldopfh
reddit_images_large\1ldopfh.jpeg,26.4,after,1ldopfh
reddit_images_large\1ldojrr.jpeg,29.45,before,1ldojrr
reddit_images_large\1ldojrr.jpeg,26.89,after,1ldojrr
reddit_images_large\1ldxogz.png,29.75,before,1ldxogz
reddit_images_large\1ldxogz.png,23.62,after,1ldxogz
reddit_images_large\1ldwywb.jpeg,20.92,before,1ldwywb
reddit_images_large\1ldwywb.jpeg,27.89,after,1ldwywb
reddit_images_large\1ldq1pn.png,19.46,before,1ldq1pn
reddit_images_large\1ldq1pn.png,22.35,after,1ldq1pn
reddit_images_large\1ldx5f2.png,28.6,before,1ldx5f2
reddit_images_large\1ldx5f2.png,24.1,after,1ldx5f2
reddit_images_large\1ldr592.jpeg,18.13,before,1ldr592
reddit_images_large\1ldr592.jpeg,23.01,after,1ldr592
reddit_images_large\1ld9ddt.jpeg,33.0,before,1ld9ddt
reddit_images_large\1ld9ddt.jpeg,23.67,after,1ld9ddt
reddit_images_large\1lcys24.jpeg,26.63,before,1lcys24
reddit_images_large\1lcys24.jpeg,24.13,after,1lcys24
reddit_images_large\1ld6tvc.jpeg,29.76,before,1ld6tvc
reddit_images_large\1ld6tvc.jpeg,21.97,after,1ld6tvc
reddit_images_large\1ld6o6n.jpeg,53.0,before,1ld6o6n
reddit_images_large\1ld6o6n.jpeg,40.59,after,1ld6o6n
reddit_images_large\1lcpdh6.jpeg,36.05,before,1lcpdh6
reddit_images_large\1lcpdh6.jpeg,32.27,after,1lcpdh6
reddit_images_large\1ld1i9k.jpeg,20.57,before,1ld1i9k
reddit_images_large\1ld1i9k.jpeg,18.61,after,1ld1i9k
reddit_images_large\1lcdrmh.jpeg,40.6,before,1lcdrmh
reddit_images_large\1lcdrmh.jpeg,25.39,after,1lcdrmh
reddit_images_large\1lct7ko.png,28.48,before,1lct7ko
reddit_images_large\1lct7ko.png,18.99,after,1lct7ko
reddit_images_large\1lcspoe.jpeg,35.42,before,1lcspoe
reddit_images_large\1lcspoe.jpeg,29.07,after,1lcspoe
reddit_images_large\1lce9gi.jpeg,30.41,before,1lce9gi
reddit_images_large\1lce9gi.jpeg,22.81,after,1lce9gi
reddit_images_large\1lbywhg.jpeg,43.56,before,1lbywhg
reddit_images_large\1lbywhg.jpeg,30.27,after,1lbywhg
reddit_images_large\1lbzesi.jpeg,50.91,before,1lbzesi
reddit_images_large\1lbzesi.jpeg,26.92,after,1lbzesi
reddit_images_large\1lbx63b.jpeg,27.37,before,1lbx63b
reddit_images_large\1lbx63b.jpeg,24.4,after,1lbx63b
reddit_images_large\1lc2ajq.png,44.17,before,1lc2ajq
reddit_images_large\1lc2ajq.png,28.12,after,1lc2ajq
reddit_images_large\1lcb2f9.jpeg,25.99,before,1lcb2f9
reddit_images_large\1lcb2f9.jpeg,24.07,after,1lcb2f9
reddit_images_large\1lbcneg.jpeg,31.57,before,1lbcneg
reddit_images_large\1lbcneg.jpeg,22.96,after,1lbcneg
reddit_images_large\1lbgnmy.jpeg,27.21,before,1lbgnmy
reddit_images_large\1lbgnmy.jpeg,23.92,after,1lbgnmy
reddit_images_large\1lavcos.jpeg,37.76,before,1lavcos
reddit_images_large\1lavcos.jpeg,25.75,after,1lavcos
reddit_images_large\1lb5x20.jpeg,32.11,before,1lb5x20
reddit_images_large\1lb5x20.jpeg,24.11,after,1lb5x20
reddit_images_large\1laxd38.jpeg,39.06,before,1laxd38
reddit_images_large\1laxd38.jpeg,29.05,after,1laxd38
reddit_images_large\1lbc607.jpeg,27.12,before,1lbc607
reddit_images_large\1lbc607.jpeg,26.31,after,1lbc607
reddit_images_large\1lay7ds.png,41.79,before,1lay7ds
reddit_images_large\1lay7ds.png,36.92,after,1lay7ds
reddit_images_large\1latwek.jpeg,30.27,before,1latwek
reddit_images_large\1latwek.jpeg,25.99,after,1latwek
reddit_images_large\1lahjcs.jpeg,50.91,before,1lahjcs
reddit_images_large\1lahjcs.jpeg,26.92,after,1lahjcs
reddit_images_large\1lb3of2.jpeg,33.64,before,1lb3of2
reddit_images_large\1lb3of2.jpeg,30.21,after,1lb3of2
reddit_images_large\1lax9cp.jpeg,26.05,before,1lax9cp
reddit_images_large\1lax9cp.jpeg,24.09,after,1lax9cp
reddit_images_large\1la70p9.jpeg,25.97,before,1la70p9
reddit_images_large\1la70p9.jpeg,24.33,after,1la70p9
reddit_images_large\1la8mvt.jpeg,27.81,before,1la8mvt
reddit_images_large\1la8mvt.jpeg,21.83,after,1la8mvt
reddit_images_large\1l9xxj9.jpeg,28.13,before,1l9xxj9
reddit_images_large\1l9xxj9.jpeg,22.96,after,1l9xxj9
reddit_images_large\1l9wqq2.jpeg,36.84,before,1l9wqq2
reddit_images_large\1l9wqq2.jpeg,29.29,after,1l9wqq2
reddit_images_large\1l9pyxu.jpeg,41.99,before,1l9pyxu
reddit_images_large\1l9pyxu.jpeg,30.66,after,1l9pyxu
reddit_images_large\1l9gibw.jpeg,32.78,before,1l9gibw
reddit_images_large\1l9gibw.jpeg,25.1,after,1l9gibw
reddit_images_large\1l979f3.jpeg,47.2,before,1l979f3
reddit_images_large\1l979f3.jpeg,26.78,after,1l979f3
reddit_images_large\1l9mlyl.jpeg,36.68,before,1l9mlyl
reddit_images_large\1l9mlyl.jpeg,34.04,after,1l9mlyl
reddit_images_large\1l9m0pp.jpeg,32.57,before,1l9m0pp
reddit_images_large\1l9m0pp.jpeg,24.68,after,1l9m0pp
reddit_images_large\1l93ve5.jpeg,20.85,before,1l93ve5
reddit_images_large\1l93ve5.jpeg,21.95,after,1l93ve5
reddit_images_large\1l91ill.jpeg,26.32,before,1l91ill
reddit_images_large\1l91ill.jpeg,23.75,after,1l91ill
reddit_images_large\1l9apxa.jpeg,36.16,before,1l9apxa
reddit_images_large\1l9apxa.jpeg,26.4,after,1l9apxa
reddit_images_large\1l8yny4.png,44.39,before,1l8yny4
reddit_images_large\1l8yny4.png,34.7,after,1l8yny4
reddit_images_large\1l8qh6a.jpeg,41.24,before,1l8qh6a
reddit_images_large\1l8qh6a.jpeg,30.08,after,1l8qh6a
reddit_images_large\1l9787i.jpeg,21.97,before,1l9787i
reddit_images_large\1l9787i.jpeg,21.02,after,1l9787i
reddit_images_large\1l8gi7f.jpeg,30.86,before,1l8gi7f
reddit_images_large\1l8gi7f.jpeg,22.89,after,1l8gi7f
reddit_images_large\1l8s7tm.jpeg,55.72,before,1l8s7tm
reddit_images_large\1l8s7tm.jpeg,41.86,after,1l8s7tm
reddit_images_large\1l8fj27.png,16.04,before,1l8fj27
reddit_images_large\1l8fj27.png,19.53,after,1l8fj27
reddit_images_large\1l8oe7u.jpeg,40.55,before,1l8oe7u
reddit_images_large\1l8oe7u.jpeg,32.55,after,1l8oe7u
reddit_images_large\1l8bc6x.jpeg,34.83,before,1l8bc6x
reddit_images_large\1l8bc6x.jpeg,22.16,after,1l8bc6x
reddit_images_large\1l8666q.jpeg,34.86,before,1l8666q
reddit_images_large\1l8666q.jpeg,26.47,after,1l8666q
reddit_images_large\1l8fg5o.jpeg,46.58,before,1l8fg5o
reddit_images_large\1l8fg5o.jpeg,39.33,after,1l8fg5o
reddit_images_large\1l88f1l.jpeg,53.0,before,1l88f1l
reddit_images_large\1l88f1l.jpeg,43.51,after,1l88f1l
reddit_images_large\1l80glp.jpeg,24.37,before,1l80glp
reddit_images_large\1l80glp.jpeg,24.37,after,1l80glp
reddit_images_large\1l7ntdz.jpeg,32.95,before,1l7ntdz
reddit_images_large\1l7ntdz.jpeg,24.8,after,1l7ntdz
reddit_images_large\1l72b5b.jpeg,36.11,before,1l72b5b
reddit_images_large\1l72b5b.jpeg,23.3,after,1l72b5b
reddit_images_large\1l7asy8.png,26.87,before,1l7asy8
reddit_images_large\1l7asy8.png,21.57,after,1l7asy8
reddit_images_large\1l761j2.jpeg,30.95,before,1l761j2
reddit_images_large\1l761j2.jpeg,22.96,after,1l761j2
reddit_images_large\1l7irwp.jpeg,25.04,before,1l7irwp
reddit_images_large\1l7irwp.jpeg,22.85,after,1l7irwp
reddit_images_large\1l7blvw.jpeg,26.29,before,1l7blvw
reddit_images_large\1l7blvw.jpeg,23.01,after,1l7blvw
reddit_images_large\1l6x84w.jpeg,42.45,before,1l6x84w
reddit_images_large\1l6x84w.jpeg,40.16,after,1l6x84w
reddit_images_large\1l6r2wd.jpeg,30.69,before,1l6r2wd
reddit_images_large\1l6r2wd.jpeg,23.18,after,1l6r2wd
reddit_images_large\1l7s4v5.jpeg,24.37,before,1l7s4v5
reddit_images_large\1l7s4v5.jpeg,24.37,after,1l7s4v5
reddit_images_large\1l6crw5.jpeg,28.83,before,1l6crw5
reddit_images_large\1l6crw5.jpeg,25.94,after,1l6crw5
reddit_images_large\1l6is5b.jpeg,34.7,before,1l6is5b
reddit_images_large\1l6is5b.jpeg,19.94,after,1l6is5b
reddit_images_large\1l75q8j.jpeg,18.88,before,1l75q8j
reddit_images_large\1l75q8j.jpeg,18.88,after,1l75q8j
reddit_images_large\1l6fh4h.jpeg,32.98,before,1l6fh4h
reddit_images_large\1l6fh4h.jpeg,23.48,after,1l6fh4h
reddit_images_large\1l5scoc.jpeg,42.7,before,1l5scoc
reddit_images_large\1l5scoc.jpeg,38.17,after,1l5scoc
reddit_images_large\1l5vx8v.jpeg,26.58,before,1l5vx8v
reddit_images_large\1l5vx8v.jpeg,23.11,after,1l5vx8v
reddit_images_large\1l5ve92.jpeg,35.87,before,1l5ve92
reddit_images_large\1l5ve92.jpeg,30.77,after,1l5ve92
reddit_images_large\1l5mpgn.jpeg,29.65,before,1l5mpgn
reddit_images_large\1l5mpgn.jpeg,23.57,after,1l5mpgn
reddit_images_large\1l61g7n.jpeg,38.08,before,1l61g7n
reddit_images_large\1l61g7n.jpeg,24.83,after,1l61g7n
reddit_images_large\1l5qmu5.jpeg,31.0,before,1l5qmu5
reddit_images_large\1l5qmu5.jpeg,22.96,after,1l5qmu5
reddit_images_large\1l64sgj.png,18.52,before,1l64sgj
reddit_images_large\1l64sgj.png,22.81,after,1l64sgj
reddit_images_large\1l5hdqa.png,43.58,before,1l5hdqa
reddit_images_large\1l5hdqa.png,27.44,after,1l5hdqa
reddit_images_large\1l5qwh3.png,49.71,before,1l5qwh3
reddit_images_large\1l5qwh3.png,39.87,after,1l5qwh3
reddit_images_large\1l4zryr.png,29.7,before,1l4zryr
reddit_images_large\1l4zryr.png,23.89,after,1l4zryr
reddit_images_large\1l5fg4a.jpeg,23.74,before,1l5fg4a
reddit_images_large\1l5fg4a.jpeg,20.83,after,1l5fg4a
reddit_images_large\1l5p1wu.jpeg,30.04,before,1l5p1wu
reddit_images_large\1l5p1wu.jpeg,25.9,after,1l5p1wu
reddit_images_large\1l4q9e1.jpeg,41.6,before,1l4q9e1
reddit_images_large\1l4q9e1.jpeg,35.11,after,1l4q9e1
reddit_images_large\1l4v3wc.jpeg,45.19,before,1l4v3wc
reddit_images_large\1l4v3wc.jpeg,31.47,after,1l4v3wc
reddit_images_large\1l5brto.jpeg,25.68,before,1l5brto
reddit_images_large\1l5brto.jpeg,23.11,after,1l5brto
reddit_images_large\1l55p2q.jpeg,40.1,before,1l55p2q
reddit_images_large\1l55p2q.jpeg,33.77,after,1l55p2q
reddit_images_large\1l4rkru.jpeg,35.51,before,1l4rkru
reddit_images_large\1l4rkru.jpeg,25.66,after,1l4rkru
reddit_images_large\1l4l4t4.jpeg,43.91,before,1l4l4t4
reddit_images_large\1l4l4t4.jpeg,28.98,after,1l4l4t4
reddit_images_large\1l431jo.jpeg,40.35,before,1l431jo
reddit_images_large\1l431jo.jpeg,25.82,after,1l431jo
reddit_images_large\1l4nuna.jpeg,29.4,before,1l4nuna
reddit_images_large\1l4nuna.jpeg,26.58,after,1l4nuna
reddit_images_large\1l4hekm.jpeg,27.32,before,1l4hekm
reddit_images_large\1l4hekm.jpeg,22.89,after,1l4hekm
reddit_images_large\1l44kzb.png,37.8,before,1l44kzb
reddit_images_large\1l44kzb.png,32.19,after,1l44kzb
reddit_images_large\1l3hd7g.jpeg,28.25,before,1l3hd7g
reddit_images_large\1l3hd7g.jpeg,18.72,after,1l3hd7g
reddit_images_large\1l4ceap.jpeg,22.35,before,1l4ceap
reddit_images_large\1l4ceap.jpeg,26.76,after,1l4ceap
reddit_images_large\1l3kcih.jpeg,52.42,before,1l3kcih
reddit_images_large\1l3kcih.jpeg,22.46,after,1l3kcih
reddit_images_large\1l3h7ze.jpeg,45.77,before,1l3h7ze
reddit_images_large\1l3h7ze.jpeg,38.16,after,1l3h7ze
reddit_images_large\1l3fp0b.jpeg,40.72,before,1l3fp0b
reddit_images_large\1l3fp0b.jpeg,31.32,after,1l3fp0b
reddit_images_large\1l35wjb.jpeg,41.44,before,1l35wjb
reddit_images_large\1l35wjb.jpeg,32.45,after,1l35wjb
reddit_images_large\1l2s9gh.jpeg,29.05,before,1l2s9gh
reddit_images_large\1l2s9gh.jpeg,20.66,after,1l2s9gh
reddit_images_large\1l2pzzw.jpeg,33.6,before,1l2pzzw
reddit_images_large\1l2pzzw.jpeg,26.3,after,1l2pzzw
reddit_images_large\1l31eyp.jpeg,17.4,before,1l31eyp
reddit_images_large\1l31eyp.jpeg,20.24,after,1l31eyp
reddit_images_large\1l2n0yg.jpeg,57.59,before,1l2n0yg
reddit_images_large\1l2n0yg.jpeg,42.53,after,1l2n0yg
reddit_images_large\1l2crei.jpeg,29.92,before,1l2crei
reddit_images_large\1l2crei.jpeg,23.4,after,1l2crei
reddit_images_large\1l20jac.png,39.13,before,1l20jac
reddit_images_large\1l20jac.png,24.37,after,1l20jac
reddit_images_large\1l2pgrm.jpeg,20.37,before,1l2pgrm
reddit_images_large\1l2pgrm.jpeg,18.22,after,1l2pgrm
reddit_images_large\1l29isw.jpeg,26.54,before,1l29isw
reddit_images_large\1l29isw.jpeg,24.39,after,1l29isw
reddit_images_large\1l234dy.png,24.86,before,1l234dy
reddit_images_large\1l234dy.png,23.63,after,1l234dy
reddit_images_large\1l1wft0.jpeg,29.53,before,1l1wft0
reddit_images_large\1l1wft0.jpeg,19.2,after,1l1wft0
reddit_images_large\1l2e9cv.jpeg,30.86,before,1l2e9cv
reddit_images_large\1l2e9cv.jpeg,25.93,after,1l2e9cv
reddit_images_large\1l2blxh.png,37.97,before,1l2blxh
reddit_images_large\1l2blxh.png,29.0,after,1l2blxh
reddit_images_large\1l21ual.jpeg,42.05,before,1l21ual
reddit_images_large\1l21ual.jpeg,39.48,after,1l21ual
reddit_images_large\1l21kqq.jpeg,39.54,before,1l21kqq
reddit_images_large\1l21kqq.jpeg,35.67,after,1l21kqq
reddit_images_large\1l1hvro.jpeg,27.12,before,1l1hvro
reddit_images_large\1l1hvro.jpeg,19.74,after,1l1hvro
reddit_images_large\1l1njba.jpeg,48.92,before,1l1njba
reddit_images_large\1l1njba.jpeg,27.98,after,1l1njba
reddit_images_large\1l1jybl.png,39.48,before,1l1jybl
reddit_images_large\1l1jybl.png,32.44,after,1l1jybl
reddit_images_large\1l1xoe8.jpeg,27.98,before,1l1xoe8
reddit_images_large\1l1xoe8.jpeg,27.26,after,1l1xoe8
reddit_images_large\1l1zn45.jpeg,24.21,before,1l1zn45
reddit_images_large\1l1zn45.jpeg,23.4,after,1l1zn45
reddit_images_large\1l1orug.jpeg,24.96,before,1l1orug
reddit_images_large\1l1orug.jpeg,23.3,after,1l1orug
reddit_images_large\1l0ovgq.jpeg,48.9,before,1l0ovgq
reddit_images_large\1l0ovgq.jpeg,32.12,after,1l0ovgq
reddit_images_large\1l13rvl.jpeg,24.37,before,1l13rvl
reddit_images_large\1l13rvl.jpeg,21.71,after,1l13rvl
reddit_images_large\1l0ltwb.jpeg,25.7,before,1l0ltwb
reddit_images_large\1l0ltwb.jpeg,19.49,after,1l0ltwb
reddit_images_large\1l0st55.jpeg,23.23,before,1l0st55
reddit_images_large\1l0st55.jpeg,28.44,after,1l0st55
reddit_images_large\1l0ojmt.jpeg,29.53,before,1l0ojmt
reddit_images_large\1l0ojmt.jpeg,29.39,after,1l0ojmt
reddit_images_large\1l0f62n.jpeg,37.35,before,1l0f62n
reddit_images_large\1l0f62n.jpeg,25.31,after,1l0f62n
reddit_images_large\1kzwt90.jpeg,36.44,before,1kzwt90
reddit_images_large\1kzwt90.jpeg,21.81,after,1kzwt90
reddit_images_large\1kzx155.png,38.12,before,1kzx155
reddit_images_large\1kzx155.png,29.37,after,1kzx155
reddit_images_large\1l04o54.jpeg,41.56,before,1l04o54
reddit_images_large\1l04o54.jpeg,26.91,after,1l04o54
reddit_images_large\1kznmkq.jpeg,34.41,before,1kznmkq
reddit_images_large\1kznmkq.jpeg,23.33,after,1kznmkq
reddit_images_large\1kzlnvj.jpeg,47.92,before,1kzlnvj
reddit_images_large\1kzlnvj.jpeg,35.87,after,1kzlnvj
reddit_images_large\1kzmjl6.png,42.37,before,1kzmjl6
reddit_images_large\1kzmjl6.png,32.1,after,1kzmjl6
reddit_images_large\1kz5r1k.jpeg,36.08,before,1kz5r1k
reddit_images_large\1kz5r1k.jpeg,30.56,after,1kz5r1k
reddit_images_large\1kzides.jpeg,29.53,before,1kzides
reddit_images_large\1kzides.jpeg,21.41,after,1kzides
reddit_images_large\1kzi8f9.png,17.25,before,1kzi8f9
reddit_images_large\1kzi8f9.png,26.25,after,1kzi8f9
reddit_images_large\1kyrr7p.jpeg,43.05,before,1kyrr7p
reddit_images_large\1kyrr7p.jpeg,23.82,after,1kyrr7p
reddit_images_large\1kysuf1.jpeg,19.8,before,1kysuf1
reddit_images_large\1kysuf1.jpeg,18.94,after,1kysuf1
reddit_images_large\1ky855w.jpeg,36.15,before,1ky855w
reddit_images_large\1ky855w.jpeg,19.85,after,1ky855w
reddit_images_large\1kywmnr.jpeg,26.08,before,1kywmnr
reddit_images_large\1kywmnr.jpeg,23.71,after,1kywmnr
reddit_images_large\1ky9qln.jpeg,47.42,before,1ky9qln
reddit_images_large\1ky9qln.jpeg,33.89,after,1ky9qln
reddit_images_large\1ky5w11.jpeg,36.32,before,1ky5w11
reddit_images_large\1ky5w11.jpeg,23.56,after,1ky5w11
reddit_images_large\1kyjt76.png,24.28,before,1kyjt76
reddit_images_large\1kyjt76.png,24.28,after,1kyjt76
reddit_images_large\1kyi4eg.jpeg,31.75,before,1kyi4eg
reddit_images_large\1kyi4eg.jpeg,24.37,after,1kyi4eg
reddit_images_large\1kyg91k.jpeg,30.83,before,1kyg91k
reddit_images_large\1kyg91k.jpeg,22.4,after,1kyg91k
reddit_images_large\1ky8e9h.jpeg,30.27,before,1ky8e9h
reddit_images_large\1ky8e9h.jpeg,23.1,after,1ky8e9h
reddit_images_large\1ky9nm2.jpeg,40.01,before,1ky9nm2
reddit_images_large\1ky9nm2.jpeg,28.62,after,1ky9nm2
reddit_images_large\1kyhb9o.jpeg,20.57,before,1kyhb9o
reddit_images_large\1kyhb9o.jpeg,23.51,after,1kyhb9o
reddit_images_large\1ky5cgb.jpeg,45.78,before,1ky5cgb
reddit_images_large\1ky5cgb.jpeg,31.01,after,1ky5cgb
reddit_images_large\1kyjadm.jpeg,28.07,before,1kyjadm
reddit_images_large\1kyjadm.jpeg,28.96,after,1kyjadm
reddit_images_large\1kxoefj.jpeg,28.43,before,1kxoefj
reddit_images_large\1kxoefj.jpeg,26.46,after,1kxoefj
reddit_images_large\1kx5a9c.png,49.09,before,1kx5a9c
reddit_images_large\1kx5a9c.png,39.11,after,1kx5a9c
reddit_images_large\1kwzjuo.jpeg,43.05,before,1kwzjuo
reddit_images_large\1kwzjuo.jpeg,33.0,after,1kwzjuo
reddit_images_large\1kwz8qt.png,40.12,before,1kwz8qt
reddit_images_large\1kwz8qt.png,30.86,after,1kwz8qt
reddit_images_large\1kwmh8t.jpeg,28.31,before,1kwmh8t
reddit_images_large\1kwmh8t.jpeg,21.23,after,1kwmh8t
reddit_images_large\1kwr7so.jpeg,37.94,before,1kwr7so
reddit_images_large\1kwr7so.jpeg,29.99,after,1kwr7so
reddit_images_large\1kw8rfg.png,28.08,before,1kw8rfg
reddit_images_large\1kw8rfg.png,22.92,after,1kw8rfg
reddit_images_large\1kw40sc.jpeg,43.35,before,1kw40sc
reddit_images_large\1kw40sc.jpeg,24.25,after,1kw40sc
reddit_images_large\1kw5a45.png,32.55,before,1kw5a45
reddit_images_large\1kw5a45.png,24.41,after,1kw5a45
reddit_images_large\1kwelfi.png,26.78,before,1kwelfi
reddit_images_large\1kwelfi.png,26.78,after,1kwelfi
reddit_images_large\1kvj9vy.jpeg,46.34,before,1kvj9vy
reddit_images_large\1kvj9vy.jpeg,26.26,after,1kvj9vy
reddit_images_large\1kw8yaj.jpeg,26.39,before,1kw8yaj
reddit_images_large\1kw8yaj.jpeg,23.48,after,1kw8yaj
reddit_images_large\1kw1pye.jpeg,28.19,before,1kw1pye
reddit_images_large\1kw1pye.jpeg,26.63,after,1kw1pye
reddit_images_large\1kvus3b.jpeg,37.19,before,1kvus3b
reddit_images_large\1kvus3b.jpeg,33.02,after,1kvus3b
reddit_images_large\1kv7yvh.jpeg,31.31,before,1kv7yvh
reddit_images_large\1kv7yvh.jpeg,30.27,after,1kv7yvh
reddit_images_large\1kvsgxz.jpeg,31.08,before,1kvsgxz
reddit_images_large\1kvsgxz.jpeg,18.3,after,1kvsgxz
reddit_images_large\1kva91x.jpeg,26.22,before,1kva91x
reddit_images_large\1kva91x.jpeg,25.86,after,1kva91x
reddit_images_large\1kvgwxd.jpeg,34.86,before,1kvgwxd
reddit_images_large\1kvgwxd.jpeg,23.46,after,1kvgwxd
reddit_images_large\1kv9zec.jpeg,43.75,before,1kv9zec
reddit_images_large\1kv9zec.jpeg,28.12,after,1kv9zec
reddit_images_large\1kuoolt.jpeg,52.31,before,1kuoolt
reddit_images_large\1kuoolt.jpeg,26.63,after,1kuoolt
reddit_images_large\1kuzqzz.png,37.33,before,1kuzqzz
reddit_images_large\1kuzqzz.png,32.85,after,1kuzqzz
reddit_images_large\1kugbuf.jpeg,37.08,before,1kugbuf
reddit_images_large\1kugbuf.jpeg,31.75,after,1kugbuf
reddit_images_large\1kukmy2.jpeg,39.89,before,1kukmy2
reddit_images_large\1kukmy2.jpeg,26.92,after,1kukmy2
reddit_images_large\1ku5o96.jpeg,42.47,before,1ku5o96
reddit_images_large\1ku5o96.jpeg,35.22,after,1ku5o96
reddit_images_large\1ktlrhm.jpeg,29.7,before,1ktlrhm
reddit_images_large\1ktlrhm.jpeg,23.82,after,1ktlrhm
reddit_images_large\1ktzvee.jpeg,28.7,before,1ktzvee
reddit_images_large\1ktzvee.jpeg,21.24,after,1ktzvee
reddit_images_large\1ku0o9x.jpeg,51.98,before,1ku0o9x
reddit_images_large\1ku0o9x.jpeg,24.37,after,1ku0o9x
reddit_images_large\1ktie8y.jpeg,47.35,before,1ktie8y
reddit_images_large\1ktie8y.jpeg,24.25,after,1ktie8y
reddit_images_large\1kt76y5.jpeg,38.45,before,1kt76y5
reddit_images_large\1kt76y5.jpeg,21.97,after,1kt76y5
reddit_images_large\1ktopgf.jpeg,33.82,before,1ktopgf
reddit_images_large\1ktopgf.jpeg,24.91,after,1ktopgf
reddit_images_large\1ktpflv.jpeg,47.26,before,1ktpflv
reddit_images_large\1ktpflv.jpeg,27.17,after,1ktpflv
reddit_images_large\1ktm17x.jpeg,30.41,before,1ktm17x
reddit_images_large\1ktm17x.jpeg,23.57,after,1ktm17x
reddit_images_large\1ksm454.jpeg,24.38,before,1ksm454
reddit_images_large\1ksm454.jpeg,21.16,after,1ksm454
reddit_images_large\1kstv7j.png,19.81,before,1kstv7j
reddit_images_large\1kstv7j.png,27.46,after,1kstv7j
reddit_images_large\1ksldxr.jpeg,31.77,before,1ksldxr
reddit_images_large\1ksldxr.jpeg,28.39,after,1ksldxr
reddit_images_large\1kslwwi.jpeg,32.55,before,1kslwwi
reddit_images_large\1kslwwi.jpeg,27.12,after,1kslwwi
reddit_images_large\1ks8yv6.jpeg,36.89,before,1ks8yv6
reddit_images_large\1ks8yv6.jpeg,26.35,after,1ks8yv6
reddit_images_large\1ksavnu.jpeg,28.75,before,1ksavnu
reddit_images_large\1ksavnu.jpeg,28.12,after,1ksavnu
reddit_images_large\1ksgb05.jpeg,30.67,before,1ksgb05
reddit_images_large\1ksgb05.jpeg,28.25,after,1ksgb05
reddit_images_large\1krvti7.jpeg,52.83,before,1krvti7
reddit_images_large\1krvti7.jpeg,43.09,after,1krvti7
reddit_images_large\1ks9jke.jpeg,45.04,before,1ks9jke
reddit_images_large\1ks9jke.jpeg,29.53,after,1ks9jke
reddit_images_large\1ks07w5.jpeg,38.89,before,1ks07w5
reddit_images_large\1ks07w5.jpeg,23.46,after,1ks07w5
reddit_images_large\1krepp3.jpeg,41.47,before,1krepp3
reddit_images_large\1krepp3.jpeg,23.96,after,1krepp3
reddit_images_large\1krozl9.jpeg,48.47,before,1krozl9
reddit_images_large\1krozl9.jpeg,32.01,after,1krozl9
reddit_images_large\1kriq57.jpeg,55.44,before,1kriq57
reddit_images_large\1kriq57.jpeg,27.1,after,1kriq57
reddit_images_large\1krjtpd.jpeg,16.45,before,1krjtpd
reddit_images_large\1krjtpd.jpeg,21.93,after,1krjtpd
reddit_images_large\1krbqlw.jpeg,46.97,before,1krbqlw
reddit_images_large\1krbqlw.jpeg,37.01,after,1krbqlw
reddit_images_large\1kr4o1z.jpeg,37.44,before,1kr4o1z
reddit_images_large\1kr4o1z.jpeg,30.79,after,1kr4o1z
reddit_images_large\1krhhhz.jpeg,41.6,before,1krhhhz
reddit_images_large\1krhhhz.jpeg,31.58,after,1krhhhz
reddit_images_large\1kr8lf2.jpeg,29.57,before,1kr8lf2
reddit_images_large\1kr8lf2.jpeg,21.76,after,1kr8lf2
reddit_images_large\1kr47cx.jpeg,27.89,before,1kr47cx
reddit_images_large\1kr47cx.jpeg,23.71,after,1kr47cx
reddit_images_large\1kqjggh.jpeg,34.97,before,1kqjggh
reddit_images_large\1kqjggh.jpeg,25.7,after,1kqjggh
reddit_images_large\1kqmpwt.jpeg,34.97,before,1kqmpwt
reddit_images_large\1kqmpwt.jpeg,28.89,after,1kqmpwt
reddit_images_large\1kqms5v.jpeg,31.64,before,1kqms5v
reddit_images_large\1kqms5v.jpeg,26.78,after,1kqms5v
reddit_images_large\1kquvq4.jpeg,32.61,before,1kquvq4
reddit_images_large\1kquvq4.jpeg,24.03,after,1kquvq4
reddit_images_large\1kq9hev.jpeg,37.93,before,1kq9hev
reddit_images_large\1kq9hev.jpeg,32.12,after,1kq9hev
reddit_images_large\1kquo1p.png,28.0,before,1kquo1p
reddit_images_large\1kquo1p.png,24.95,after,1kquo1p
reddit_images_large\1kqqkfh.png,34.44,before,1kqqkfh
reddit_images_large\1kqqkfh.png,23.46,after,1kqqkfh
reddit_images_large\1kqkbsk.jpeg,25.68,before,1kqkbsk
reddit_images_large\1kqkbsk.jpeg,23.37,after,1kqkbsk
reddit_images_large\1kq9x03.jpeg,44.76,before,1kq9x03
reddit_images_large\1kq9x03.jpeg,26.45,after,1kq9x03
reddit_images_large\1kq97v3.jpeg,29.7,before,1kq97v3
reddit_images_large\1kq97v3.jpeg,21.24,after,1kq97v3
reddit_images_large\1kq2nlt.jpeg,41.09,before,1kq2nlt
reddit_images_large\1kq2nlt.jpeg,27.67,after,1kq2nlt
reddit_images_large\1kprvn7.jpeg,27.51,before,1kprvn7
reddit_images_large\1kprvn7.jpeg,18.34,after,1kprvn7
reddit_images_large\1kpmxmj.png,28.25,before,1kpmxmj
reddit_images_large\1kpmxmj.png,25.5,after,1kpmxmj
reddit_images_large\1kpjl6y.png,31.47,before,1kpjl6y
reddit_images_large\1kpjl6y.png,24.21,after,1kpjl6y
reddit_images_large\1kpj0kz.jpeg,39.41,before,1kpj0kz
reddit_images_large\1kpj0kz.jpeg,28.97,after,1kpj0kz
reddit_images_large\1kpexhq.jpeg,16.6,before,1kpexhq
reddit_images_large\1kpexhq.jpeg,24.12,after,1kpexhq
reddit_images_large\1kp2lus.jpeg,31.96,before,1kp2lus
reddit_images_large\1kp2lus.jpeg,25.5,after,1kp2lus
reddit_images_large\1kou2ds.png,22.92,before,1kou2ds
reddit_images_large\1kou2ds.png,19.21,after,1kou2ds
reddit_images_large\1kombfg.jpeg,23.78,before,1kombfg
reddit_images_large\1kombfg.jpeg,27.61,after,1kombfg
reddit_images_large\1kogluc.jpeg,22.6,before,1kogluc
reddit_images_large\1kogluc.jpeg,23.37,after,1kogluc
reddit_images_large\1ko10dq.jpeg,34.33,before,1ko10dq
reddit_images_large\1ko10dq.jpeg,22.31,after,1ko10dq
reddit_images_large\1ko0c4p.jpeg,46.99,before,1ko0c4p
reddit_images_large\1ko0c4p.jpeg,31.17,after,1ko0c4p
reddit_images_large\1knzrcw.png,30.79,before,1knzrcw
reddit_images_large\1knzrcw.png,24.46,after,1knzrcw
reddit_images_large\1knwdzj.jpeg,31.66,before,1knwdzj
reddit_images_large\1knwdzj.jpeg,19.99,after,1knwdzj
reddit_images_large\1kntyrp.jpeg,27.52,before,1kntyrp
reddit_images_large\1kntyrp.jpeg,31.93,after,1kntyrp
reddit_images_large\1knq4og.jpeg,25.83,before,1knq4og
reddit_images_large\1knq4og.jpeg,20.52,after,1knq4og
reddit_images_large\1knn3ya.jpeg,44.3,before,1knn3ya
reddit_images_large\1knn3ya.jpeg,23.63,after,1knn3ya
reddit_images_large\1kng1hy.jpeg,33.83,before,1kng1hy
reddit_images_large\1kng1hy.jpeg,24.12,after,1kng1hy
reddit_images_large\1kn9eu2.jpeg,17.36,before,1kn9eu2
reddit_images_large\1kn9eu2.jpeg,20.55,after,1kn9eu2
reddit_images_large\1kn2xo5.jpeg,25.58,before,1kn2xo5
reddit_images_large\1kn2xo5.jpeg,22.66,after,1kn2xo5
reddit_images_large\1kmtkwi.jpeg,33.45,before,1kmtkwi
reddit_images_large\1kmtkwi.jpeg,24.94,after,1kmtkwi
reddit_images_large\1kmprru.jpeg,43.77,before,1kmprru
reddit_images_large\1kmprru.jpeg,26.61,after,1kmprru
reddit_images_large\1kmogdv.jpeg,27.94,before,1kmogdv
reddit_images_large\1kmogdv.jpeg,26.15,after,1kmogdv
reddit_images_large\1kmfdjl.jpeg,34.44,before,1kmfdjl
reddit_images_large\1kmfdjl.jpeg,31.57,after,1kmfdjl
reddit_images_large\1kmfany.jpeg,47.35,before,1kmfany
reddit_images_large\1kmfany.jpeg,38.45,after,1kmfany
reddit_images_large\1kloly2.jpeg,30.18,before,1kloly2
reddit_images_large\1kloly2.jpeg,25.83,after,1kloly2
reddit_images_large\1klzyqd.jpeg,28.25,before,1klzyqd
reddit_images_large\1klzyqd.jpeg,29.53,after,1klzyqd
reddit_images_large\1km6epq.jpeg,35.15,before,1km6epq
reddit_images_large\1km6epq.jpeg,32.22,after,1km6epq
reddit_images_large\1km1243.jpeg,34.18,before,1km1243
reddit_images_large\1km1243.jpeg,23.83,after,1km1243
reddit_images_large\1klznic.jpeg,32.11,before,1klznic
reddit_images_large\1klznic.jpeg,25.53,after,1klznic
reddit_images_large\1klocq2.jpeg,32.1,before,1klocq2
reddit_images_large\1klocq2.jpeg,25.68,after,1klocq2
reddit_images_large\1klivot.jpeg,29.86,before,1klivot
reddit_images_large\1klivot.jpeg,22.6,after,1klivot
reddit_images_large\1klaq03.jpeg,31.12,before,1klaq03
reddit_images_large\1klaq03.jpeg,23.8,after,1klaq03
reddit_images_large\1kl862o.jpeg,29.29,before,1kl862o
reddit_images_large\1kl862o.jpeg,28.87,after,1kl862o
reddit_images_large\1kl3302.png,34.53,before,1kl3302
reddit_images_large\1kl3302.png,27.82,after,1kl3302
reddit_images_large\1kl0x4w.jpeg,42.05,before,1kl0x4w
reddit_images_large\1kl0x4w.jpeg,35.19,after,1kl0x4w
reddit_images_large\1kkx6xb.jpeg,20.48,before,1kkx6xb
reddit_images_large\1kkx6xb.jpeg,24.14,after,1kkx6xb
reddit_images_large\1kkv64h.jpeg,23.94,before,1kkv64h
reddit_images_large\1kkv64h.jpeg,23.94,after,1kkv64h
reddit_images_large\1kkdsa0.jpeg,32.11,before,1kkdsa0
reddit_images_large\1kkdsa0.jpeg,25.06,after,1kkdsa0
reddit_images_large\1kk4z81.jpeg,42.31,before,1kk4z81
reddit_images_large\1kk4z81.jpeg,28.21,after,1kk4z81
reddit_images_large\1kjzewk.jpeg,27.06,before,1kjzewk
reddit_images_large\1kjzewk.jpeg,24.83,after,1kjzewk
reddit_images_large\1kjrzv2.png,44.39,before,1kjrzv2
reddit_images_large\1kjrzv2.png,28.89,after,1kjrzv2
